numid,obs_id,access_url,target_name,target_class,c1min,c1max,c2min,c2max,s_region,publish_date,bib_reference,access_estsize,granule_uid,granule_gid,dataproduct_type,access_format,measurement_type,file_name
0,PM-MAR-C-Arsinoes,https://data.planmap.eu/pub/mars/PM-MAR-C-Arsinoes/raster/PM-MAR-C-Arsinoes_frt00008233_07_if164s_trr3_FEM.tif,Mars,planet,-28.469,-28.242,-13.17,-12.981,Polygon -28.46938117420382 -13.16984121423644 -28.46938117420382 -12.98094940215479 -28.24192141978396 -12.98094940215479 -28.24192141978396 -13.16984121423644 -28.46938117420382 -13.16984121423644,2020-05-08,,1413,PM-MAR-C-Arsinoes_raster_1,basemap,im,application/x-geotiff,pos.frame;obs.image;spect.index,PM-MAR-C-Arsinoes_frt00008233_07_if164s_trr3_FEM.tif
1,PM-MAR-C-Arsinoes,https://data.planmap.eu/pub/mars/PM-MAR-C-Arsinoes/raster/PM-MAR-C-Arsinoes_frt00008233_07_if164l_trr3_CHL.tif,Mars,planet,-28.466,-28.241,-13.17,-12.98,Polygon -28.46584890575358 -13.16964225190609 -28.46584890575358 -12.98014307065375 -28.2405149434311 -12.98014307065375 -28.2405149434311 -13.16964225190609 -28.46584890575358 -13.16964225190609,2020-05-08,,1404,PM-MAR-C-Arsinoes_raster_2,basemap,im,application/x-geotiff,pos.frame;obs.image;spect.index,PM-MAR-C-Arsinoes_frt00008233_07_if164l_trr3_CHL.tif
2,PM-MAR-C-Arsinoes,https://data.planmap.eu/pub/mars/PM-MAR-C-Arsinoes/raster/PM-MAR-C-Arsinoes_frt00008233_07_if164s_trr3_TRU.tif,Mars,planet,-28.469,-28.242,-13.17,-12.981,Polygon -28.46938117420382 -13.16984121423644 -28.46938117420382 -12.98094940215479 -28.24192141978396 -12.98094940215479 -28.24192141978396 -13.16984121423644 -28.46938117420382 -13.16984121423644,2020-05-08,,1413,PM-MAR-C-Arsinoes_raster_3,basemap,im,application/x-geotiff,pos.frame;obs.image;spect.index,PM-MAR-C-Arsinoes_frt00008233_07_if164s_trr3_TRU.tif
3,PM-MAR-C-Arsinoes,https://data.planmap.eu/pub/mars/PM-MAR-C-Arsinoes/raster/PM-MAR-C-Arsinoes_frt00008233_07_if164l_trr3_HYD.tif,Mars,planet,-28.466,-28.241,-13.17,-12.98,Polygon -28.46584890575358 -13.16964225190609 -28.46584890575358 -12.98014307065375 -28.2405149434311 -12.98014307065375 -28.2405149434311 -13.16964225190609 -28.46584890575358 -13.16964225190609,2020-05-08,,1404,PM-MAR-C-Arsinoes_raster_4,basemap,im,application/x-geotiff,pos.frame;obs.image;spect.index,PM-MAR-C-Arsinoes_frt00008233_07_if164l_trr3_HYD.tif
4,PM-MAR-C-Arsinoes,https://data.planmap.eu/pub/mars/PM-MAR-C-Arsinoes/raster/PM-MAR-C-Arsinoes_frt00008233_07_if164l_trr3_MAF.tif,Mars,planet,-28.466,-28.241,-13.17,-12.98,Polygon -28.46584890575358 -13.16964225190609 -28.46584890575358 -12.98014307065375 -28.2405149434311 -12.98014307065375 -28.2405149434311 -13.16964225190609 -28.46584890575358 -13.16964225190609,2020-05-08,,1404,PM-MAR-C-Arsinoes_raster_5,basemap,im,application/x-geotiff,pos.frame;obs.image;spect.index,PM-MAR-C-Arsinoes_frt00008233_07_if164l_trr3_MAF.tif
5,PM-MAR-C-Arsinoes,https://data.planmap.eu/pub/mars/PM-MAR-C-Arsinoes/document/PM-MAR-C-Arsinoes_frt00008233_07_if164s_trr3_TRU.pdf,Mars,planet,331.53,331.758,-8.17,-7.98,Polygon 331.53 -8.17 331.53 -7.98 331.758 -7.98 331.758 -8.17 331.53 -8.17,2020-05-08,,784,PM-MAR-C-Arsinoes,mapsheet,ma,application/pdf,meta;meta.preview,PM-MAR-C-Arsinoes_frt00008233_07_if164s_trr3_TRU.pdf
6,PM-MAR-C-Crommelin,https://data.planmap.eu/pub/mars/PM-MAR-C-Crommelin/raster/PM-MAR-C-Crommelin_01_FEM_frt0001fd59_07_if165s_trr3_VNIR_st1-99.tif,Mars,planet,-10.61,-10.374,9.96,10.166,Polygon -10.61009214628938 9.959917799011103 -10.61009214628938 10.16642332084921 -10.37412921913025 10.16642332084921 -10.37412921913025 9.959917799011103 -10.61009214628938 9.959917799011103,2020-05-08,,1601,PM-MAR-C-Crommelin_raster_1,basemap,im,application/x-geotiff,pos.frame;obs.image;spect.index,PM-MAR-C-Crommelin_01_FEM_frt0001fd59_07_if165s_trr3_VNIR_st1-99.tif
7,PM-MAR-C-Crommelin,https://data.planmap.eu/pub/mars/PM-MAR-C-Crommelin/raster/PM-MAR-C-Crommelin_01_FEM_frs00029e82_01_if169s_trr3_VNIR_st1-99.tif,Mars,planet,-10.823,-10.617,10.039,10.114,Polygon -10.82344594864566 10.03875622022168 -10.82344594864566 10.11437368336533 -10.61724411139849 10.11437368336533 -10.61724411139849 10.03875622022168 -10.82344594864566 10.03875622022168,2020-05-08,,513,PM-MAR-C-Crommelin_raster_2,basemap,im,application/x-geotiff,pos.frame;obs.image;spect.index,PM-MAR-C-Crommelin_01_FEM_frs00029e82_01_if169s_trr3_VNIR_st1-99.tif
8,PM-MAR-C-Crommelin,https://data.planmap.eu/pub/mars/PM-MAR-C-Crommelin/raster/PM-MAR-C-Crommelin_01_FEM_frs00029fb5_01_if167s_trr3_VNIR_st1-99.tif,Mars,planet,-10.033,-9.775,4.897,5.001,Polygon -10.03255462716689 4.897459599618517 -10.03255462716689 5.001011372237628 -9.775041714612618 5.001011372237628 -9.775041714612618 4.897459599618517 -10.03255462716689 4.897459599618517,2020-05-08,,876,PM-MAR-C-Crommelin_raster_3,basemap,im,application/x-geotiff,pos.frame;obs.image;spect.index,PM-MAR-C-Crommelin_01_FEM_frs00029fb5_01_if167s_trr3_VNIR_st1-99.tif
9,PM-MAR-C-Crommelin,https://data.planmap.eu/pub/mars/PM-MAR-C-Crommelin/raster/PM-MAR-C-Crommelin_01_frt0001fd59_07_if165s_trr3_TRU_st1-99.tif,Mars,planet,-10.61,-10.374,9.96,10.166,Polygon -10.61009214628938 9.959917799011103 -10.61009214628938 10.16642332084921 -10.37412921913025 10.16642332084921 -10.37412921913025 9.959917799011103 -10.61009214628938 9.959917799011103,2020-05-08,,1601,PM-MAR-C-Crommelin_raster_6,basemap,im,application/x-geotiff,pos.frame;obs.image;spect.index,PM-MAR-C-Crommelin_01_frt0001fd59_07_if165s_trr3_TRU_st1-99.tif
10,PM-MAR-C-Crommelin,https://data.planmap.eu/pub/mars/PM-MAR-C-Crommelin/raster/PM-MAR-C-Crommelin_01_hrl000064b2_07_if182s_trr3_TRU_st1-99.tif,Mars,planet,-10.484,-10.223,4.393,4.8,Polygon -10.48415183954966 4.39276139195179 -10.48415183954966 4.800287722904422 -10.22299487634603 4.800287722904422 -10.22299487634603 4.39276139195179 -10.48415183954966 4.39276139195179,2020-05-08,,882,PM-MAR-C-Crommelin_raster_7,basemap,im,application/x-geotiff,pos.frame;obs.image;spect.index,PM-MAR-C-Crommelin_01_hrl000064b2_07_if182s_trr3_TRU_st1-99.tif
11,PM-MAR-C-Crommelin,https://data.planmap.eu/pub/mars/PM-MAR-C-Crommelin/raster/PM-MAR-C-Crommelin_01_frt00017c94_07_if165s_trr3_TRU_1-99.tif,Mars,planet,-10.845,-10.603,4.668,4.889,Polygon -10.84478092233441 4.668037280008146 -10.84478092233441 4.889413356956334 -10.60336256681478 4.889413356956334 -10.60336256681478 4.668037280008146 -10.84478092233441 4.668037280008146,2020-05-08,,1756,PM-MAR-C-Crommelin_raster_8,basemap,im,application/x-geotiff,pos.frame;obs.image;spect.index,PM-MAR-C-Crommelin_01_frt00017c94_07_if165s_trr3_TRU_1-99.tif
12,PM-MAR-C-Crommelin,https://data.planmap.eu/pub/mars/PM-MAR-C-Crommelin/raster/PM-MAR-C-Crommelin_01_frs00029fb5_01_if167s_trr3_TRU_st1-99.tif,Mars,planet,-10.033,-9.775,4.897,5.001,Polygon -10.03255462716689 4.897459599618517 -10.03255462716689 5.001011372237628 -9.775041714612618 5.001011372237628 -9.775041714612618 4.897459599618517 -10.03255462716689 4.897459599618517,2020-05-08,,876,PM-MAR-C-Crommelin_raster_9,basemap,im,application/x-geotiff,pos.frame;obs.image;spect.index,PM-MAR-C-Crommelin_01_frs00029fb5_01_if167s_trr3_TRU_st1-99.tif
13,PM-MAR-C-Crommelin,https://data.planmap.eu/pub/mars/PM-MAR-C-Crommelin/raster/PM-MAR-C-Crommelin_01_FEM_hrs00012a18_07_if174s_trr3_VNIR_st1-99.tif,Mars,planet,-10.124,-9.915,4.884,5.04,Polygon -10.12376880677268 4.8844284373811 -10.12376880677268 5.03990793175349 -9.915450577984672 5.03990793175349 -9.915450577984672 4.8844284373811 -10.12376880677268 4.8844284373811,2020-05-08,,270,PM-MAR-C-Crommelin_raster_10,basemap,im,application/x-geotiff,pos.frame;obs.image;spect.index,PM-MAR-C-Crommelin_01_FEM_hrs00012a18_07_if174s_trr3_VNIR_st1-99.tif
14,PM-MAR-C-Crommelin,https://data.planmap.eu/pub/mars/PM-MAR-C-Crommelin/raster/PM-MAR-C-Crommelin_01_hrs00012a18_07_if174s_trr3_TRU_st1-99.tif,Mars,planet,-10.124,-9.915,4.884,5.04,Polygon -10.12376880677268 4.8844284373811 -10.12376880677268 5.03990793175349 -9.915450577984672 5.03990793175349 -9.915450577984672 4.8844284373811 -10.12376880677268 4.8844284373811,2020-05-08,,270,PM-MAR-C-Crommelin_raster_11,basemap,im,application/x-geotiff,pos.frame;obs.image;spect.index,PM-MAR-C-Crommelin_01_hrs00012a18_07_if174s_trr3_TRU_st1-99.tif
15,PM-MAR-C-Crommelin,https://data.planmap.eu/pub/mars/PM-MAR-C-Crommelin/raster/PM-MAR-C-Crommelin_01_FEM_hrl000064b2_07_if182s_trr3_VNIR_st1-99.tif,Mars,planet,-10.484,-10.223,4.393,4.8,Polygon -10.48415183954966 4.39276139195179 -10.48415183954966 4.800287722904422 -10.22299487634603 4.800287722904422 -10.22299487634603 4.39276139195179 -10.48415183954966 4.39276139195179,2020-05-08,,882,PM-MAR-C-Crommelin_raster_12,basemap,im,application/x-geotiff,pos.frame;obs.image;spect.index,PM-MAR-C-Crommelin_01_FEM_hrl000064b2_07_if182s_trr3_VNIR_st1-99.tif
16,PM-MAR-C-Crommelin,https://data.planmap.eu/pub/mars/PM-MAR-C-Crommelin/raster/PM-MAR-C-Crommelin_01_FEM_frt00017c94_07_if165s_trr3_VNIR_st1-99.tif,Mars,planet,-10.845,-10.603,4.668,4.889,Polygon -10.84478092233441 4.668037280008146 -10.84478092233441 4.889413356956334 -10.60336256681478 4.889413356956334 -10.60336256681478 4.668037280008146 -10.84478092233441 4.668037280008146,2020-05-08,,1756,PM-MAR-C-Crommelin_raster_13,basemap,im,application/x-geotiff,pos.frame;obs.image;spect.index,PM-MAR-C-Crommelin_01_FEM_frt00017c94_07_if165s_trr3_VNIR_st1-99.tif
17,PM-MAR-D-Gale_Kimberley,https://data.planmap.eu/pub/mars/PM-MAR-D-Gale_Kimberley/document/Planmap_WP5_D5.1-FINAL.pdf,Mars,planet,137.373,137.419,-4.667,-4.619,Polygon 137.37318 -4.66744 137.37318 -4.61862 137.41877 -4.61862 137.41877 -4.66744 137.37318 -4.66744,2020-07-17,,19870,PM-MAR-D-Gale_Kimberley,mapsheet,ma,application/pdf,meta;meta.preview,Planmap_WP5_D5.1-FINAL.pdf
18,PM-MAR-D-Jezero,https://data.planmap.eu/pub/mars/PM-MAR-D-Jezero/document/Planmap_WP5_D5.4_FINAL.pdf,Mars,planet,77.203,77.542,18.335,18.615,Polygon 77.20332999999999 18.335 77.20332999999999 18.61472 77.54167 18.61472 77.54167 18.335 77.20332999999999 18.335,2021-02-22,,3829,PM-MAR-D-Jezero,mapsheet,ma,application/pdf,meta;meta.preview,Planmap_WP5_D5.4_FINAL.pdf
19,PM-MAR-D-Oxia_Planum,https://data.planmap.eu/pub/mars/PM-MAR-D-Oxia_Planum/document/Planmap_WP5_D5.4_FINAL.pdf,Mars,planet,25.253,25.68,17.347,18.944,Polygon 25.25278 17.34694 25.25278 18.94444 25.68028 18.94444 25.68028 17.34694 25.25278 17.34694,2021-02-22,,3829,PM-MAR-D-Oxia_Planum,mapsheet,ma,application/pdf,meta;meta.preview,Planmap_WP5_D5.4_FINAL.pdf
20,PM-MAR-MS-Arsinoes,https://data.planmap.eu/pub/mars/PM-MAR-MS-Arsinoes/raster/PM-MAR-MS-Arsinoes.tiff,Mars,planet,-30.248,-25.568,-12.004,-5.749,Polygon -30.24835590928195 -12.00366265420823 -30.24835590928195 -5.749316616352282 -25.56833038420987 -5.749316616352282 -25.56833038420987 -12.00366265420823 -30.24835590928195 -12.00366265420823,2020-05-08,,41163,PM-MAR-MS-Arsinoes_raster_1,basemap,im,application/x-geotiff,pos.frame;obs.image;src.morph,PM-MAR-MS-Arsinoes.tiff
21,PM-MAR-MS-Arsinoes,https://data.planmap.eu/pub/mars/PM-MAR-MS-Arsinoes/vector/PM-MAR-MS-Arsinoes.gpkg,Mars,planet,-30.283,-25.484,-12.085,-5.816,Polygon -30.28321743919844 -12.0845776589575 -30.28321743919844 -5.815578111214499 -25.48385817044393 -5.815578111214499 -25.48385817044393 -12.0845776589575 -30.28321743919844 -12.0845776589575,2020-05-13,,3145,PM-MAR-MS-Arsinoes_vector_1,shapefile,sv,application/geopackage+sqlite3,pos.outline;obs.field,PM-MAR-MS-Arsinoes.gpkg
22,PM-MAR-MS-Arsinoes,https://data.planmap.eu/pub/mars/PM-MAR-MS-Arsinoes/document/PM-MAR-MS-Arsinoes.pdf,Mars,planet,329.7,334.5,-12.0,-5.8,Polygon 329.7 -12 329.7 -5.8 334.5 -5.8 334.5 -12 329.7 -12,2020-05-08,,2157,PM-MAR-MS-Arsinoes,mapsheet,ma,application/pdf,meta;meta.preview,PM-MAR-MS-Arsinoes.pdf
23,PM-MAR-SI-Crommelin,https://data.planmap.eu/pub/mars/PM-MAR-SI-Crommelin/raster/PM-MAR-MS-Crommelin_CTX_Mosaic_v2.tif,Mars,planet,-11.152,-9.015,3.971,6.225,Polygon -11.1518656090183 3.971024171105225 -11.1518656090183 6.224585926481167 -9.01472767507623 6.224585926481167 -9.01472767507623 3.971024171105225 -11.1518656090183 3.971024171105225,2020-12-07,,2376359,PM-MAR-SI-Crommelin_raster_1,basemap,im,application/x-geotiff,pos.frame;obs.image,PM-MAR-MS-Crommelin_CTX_Mosaic_v2.tif
24,PM-MAR-SI-Crommelin,https://data.planmap.eu/pub/mars/PM-MAR-SI-Crommelin/raster/PM-MAR-C_08_if165s_mod_j_03.tif,Mars,planet,-10.624,-10.361,4.946,5.171,Polygon -10.62410849470247 4.946300281824237 -10.62410849470247 5.170702269278833 -10.36053018262244 5.170702269278833 -10.36053018262244 4.946300281824237 -10.62410849470247 4.946300281824237,2020-12-30,,2411,PM-MAR-SI-Crommelin_raster_2,basemap,im,application/x-geotiff,pos.frame;obs.image,PM-MAR-C_08_if165s_mod_j_03.tif
25,PM-MAR-SI-Crommelin,https://data.planmap.eu/pub/mars/PM-MAR-SI-Crommelin/raster/PM-MAR-MS-Crommelin_Merged_DEM1_v1.tif,Mars,planet,-11.154,-9.012,3.97,6.228,Polygon -11.15366298984576 3.969822029163092 -11.15366298984576 6.227783783373233 -9.011770997059442 6.227783783373233 -9.011770997059442 3.969822029163092 -11.15366298984576 3.969822029163092,2020-12-07,,173692,PM-MAR-SI-Crommelin_raster_3,basemap,im,application/x-geotiff,pos.frame;obs.image,PM-MAR-MS-Crommelin_Merged_DEM1_v1.tif
26,PM-MAR-SI-Crommelin,https://data.planmap.eu/pub/mars/PM-MAR-SI-Crommelin/raster/CRISM_pansharp_CTX.tif,Mars,planet,-11.152,-9.015,3.971,6.225,Polygon -11.1518656090183 3.971001628603013 -11.1518656090183 6.224563383978956 -9.01472767507623 6.224563383978956 -9.01472767507623 3.971001628603013 -11.1518656090183 3.971001628603013,2021-02-26,,2376359,PM-MAR-SI-Crommelin_raster_4,basemap,im,application/x-geotiff,pos.frame;obs.image,CRISM_pansharp_CTX.tif
27,PM-MAR-SI-Crommelin,https://data.planmap.eu/pub/mars/PM-MAR-SI-Crommelin/vector/PM-MAR-SI-Crommelin_01.gpkg,Mars,planet,-10.602,-10.482,4.963,5.153,Polygon -10.60225661966509 4.9631295019992 -10.60225661966509 5.152788841814131 -10.48247532517248 5.152788841814131 -10.48247532517248 4.9631295019992 -10.60225661966509 4.9631295019992,2021-02-26,,417,PM-MAR-SI-Crommelin_vector_1,shapefile,sv,application/geopackage+sqlite3,pos.outline;obs.field,PM-MAR-SI-Crommelin_01.gpkg
28,PM-MER-C-Beethoven,https://data.planmap.eu/pub/mercury/PM-MER-C-Beethoven/document/PM-MER-C-Beethoven_SI_450mpp.pdf,Mercury,planet,227.7,241.8,-27.7,-15.0,Polygon 227.7 -27.7 227.7 -15 241.8 -15 241.8 -27.7 227.7 -27.7,2020-05-12,,1539,PM-MER-C-Beethoven,mapsheet,ma,application/pdf,meta;meta.preview,PM-MER-C-Beethoven_SI_450mpp.pdf
29,PM-MER-C-H05,https://data.planmap.eu/pub/mercury/PM-MER-C-H05/raster/PM-MER-C-H05_DEM_DLR_CF_KS_equi_R748.tif,Mercury,planet,-30.714,120.714,13.091,69.993,Polygon -30.71448476194355 13.09112117048087 -30.71448476194355 69.99329325635212 120.7144847619435 69.99329325635212 120.7144847619435 13.09112117048087 -30.71448476194355 13.09112117048087,2020-05-06,,155800,PM-MER-C-H05_raster_1,basemap,im,application/x-geotiff,pos.frame;obs.image;spect.index,PM-MER-C-H05_DEM_DLR_CF_KS_equi_R748.tif
30,PM-MER-C-H05,https://data.planmap.eu/pub/mercury/PM-MER-C-H05/raster/PM-MER-C-H05_DEM_DLR_CF_KS_equi_PC2_PC1_430su996.tif,Mercury,planet,-30.714,120.714,13.091,69.993,Polygon -30.71448476194355 13.09112117048087 -30.71448476194355 69.99329325635212 120.7144847619435 69.99329325635212 120.7144847619435 13.09112117048087 -30.71448476194355 13.09112117048087,2020-05-06,,467252,PM-MER-C-H05_raster_2,basemap,im,application/x-geotiff,pos.frame;obs.image;spect.index,PM-MER-C-H05_DEM_DLR_CF_KS_equi_PC2_PC1_430su996.tif
31,PM-MER-C-H05,https://data.planmap.eu/pub/mercury/PM-MER-C-H05/raster/PM-MER-C-H05_DEM_DLR_CF_KS_equi_S433_558.tif,Mercury,planet,-30.714,120.714,13.091,69.993,Polygon -30.71448476194355 13.09112117048087 -30.71448476194355 69.99329325635212 120.7144847619435 69.99329325635212 120.7144847619435 13.09112117048087 -30.71448476194355 13.09112117048087,2020-05-06,,155800,PM-MER-C-H05_raster_3,basemap,im,application/x-geotiff,pos.frame;obs.image;spect.index,PM-MER-C-H05_DEM_DLR_CF_KS_equi_S433_558.tif
32,PM-MER-C-H05,https://data.planmap.eu/pub/mercury/PM-MER-C-H05/raster/PM-MER-C-H05_DEM_DLR_CF_KS_equi_res_S430_996.tif,Mercury,planet,-30.714,120.714,13.091,69.993,Polygon -30.71448476194355 13.09112117048087 -30.71448476194355 69.99329325635212 120.7144847619435 69.99329325635212 120.7144847619435 13.09112117048087 -30.71448476194355 13.09112117048087,2020-05-06,,155800,PM-MER-C-H05_raster_4,basemap,im,application/x-geotiff,pos.frame;obs.image;spect.index,PM-MER-C-H05_DEM_DLR_CF_KS_equi_res_S430_996.tif
33,PM-MER-C-H05,https://data.planmap.eu/pub/mercury/PM-MER-C-H05/raster/PM-MER-C-H05_DEM_DLR_CF_KS_equi_8color.tif,Mercury,planet,-30.714,120.714,13.091,69.993,Polygon -30.71448476194355 13.09112117048087 -30.71448476194355 69.99329325635212 120.7144847619435 69.99329325635212 120.7144847619435 13.09112117048087 -30.71448476194355 13.09112117048087,2020-05-06,,1245879,PM-MER-C-H05_raster_5,basemap,im,application/x-geotiff,pos.frame;obs.image;spect.index,PM-MER-C-H05_DEM_DLR_CF_KS_equi_8color.tif
34,PM-MER-C-H05,https://data.planmap.eu/pub/mercury/PM-MER-C-H05/raster/PM-MER-C-H05_DEM_DLR_CF_KS_equi_S748_996.tif,Mercury,planet,-30.714,120.714,13.091,69.993,Polygon -30.71448476194355 13.09112117048087 -30.71448476194355 69.99329325635212 120.7144847619435 69.99329325635212 120.7144847619435 13.09112117048087 -30.71448476194355 13.09112117048087,2020-05-06,,155800,PM-MER-C-H05_raster_6,basemap,im,application/x-geotiff,pos.frame;obs.image;spect.index,PM-MER-C-H05_DEM_DLR_CF_KS_equi_S748_996.tif
35,PM-MER-C-H05,https://data.planmap.eu/pub/mercury/PM-MER-C-H05/raster/PM-MER-C-H05_DEM_DLR_CF_KS_equi_clem.tif,Mercury,planet,-30.714,120.714,13.091,69.993,Polygon -30.71448476194355 13.09112117048087 -30.71448476194355 69.99329325635212 120.7144847619435 69.99329325635212 120.7144847619435 13.09112117048087 -30.71448476194355 13.09112117048087,2020-05-06,,467252,PM-MER-C-H05_raster_7,basemap,im,application/x-geotiff,pos.frame;obs.image;spect.index,PM-MER-C-H05_DEM_DLR_CF_KS_equi_clem.tif
36,PM-MER-C-H05,https://data.planmap.eu/pub/mercury/PM-MER-C-H05/raster/PM-MER-C-H05_DEM_DLR_CF_KS_equi_PC2.tif,Mercury,planet,-30.714,120.714,13.091,69.993,Polygon -30.71448476194355 13.09112117048087 -30.71448476194355 69.99329325635212 120.7144847619435 69.99329325635212 120.7144847619435 13.09112117048087 -30.71448476194355 13.09112117048087,2020-05-06,,155800,PM-MER-C-H05_raster_8,basemap,im,application/x-geotiff,pos.frame;obs.image;spect.index,PM-MER-C-H05_DEM_DLR_CF_KS_equi_PC2.tif
37,PM-MER-C-H05,https://data.planmap.eu/pub/mercury/PM-MER-C-H05/raster/PM-MER-C-H05_DEM_DLR_CF_KS_equi_PC1.tif,Mercury,planet,-30.714,120.714,13.091,69.993,Polygon -30.71448476194355 13.09112117048087 -30.71448476194355 69.99329325635212 120.7144847619435 69.99329325635212 120.7144847619435 13.09112117048087 -30.71448476194355 13.09112117048087,2020-05-06,,155800,PM-MER-C-H05_raster_9,basemap,im,application/x-geotiff,pos.frame;obs.image;spect.index,PM-MER-C-H05_DEM_DLR_CF_KS_equi_PC1.tif
38,PM-MER-C-H05,https://data.planmap.eu/pub/mercury/PM-MER-C-H05/document/PM-MER-C-H05.pdf,Mercury,planet,0.0,90.0,22.5,65.0,Polygon 0 22.5 0 65 90 65 90 22.5 0 22.5,2020-05-07,,4961,PM-MER-C-H05,mapsheet,ma,application/pdf,meta;meta.preview,PM-MER-C-H05.pdf
39,PM-MER-C-H05_SU,https://data.planmap.eu/pub/mercury/PM-MER-C-H05_SU/document/PM-MER-C-H05_SU.pdf,Mercury,planet,0.0,90.0,22.5,65.0,Polygon 0 22.5 0 65 90 65 90 22.5 0 22.5,2021-02-20,,3479,PM-MER-C-H05_SU,mapsheet,ma,application/pdf,meta;meta.preview,PM-MER-C-H05_SU.pdf
40,PM-MER-C-Rembrandt,https://data.planmap.eu/pub/mercury/PM-MER-C-Rembrandt/document/PM-MER-C-Rembrandt_630mpp_false.pdf,Mercury,planet,75.0,100.0,-41.0,-25.0,Polygon 75 -41 75 -25 100 -25 100 -41 75 -41,2020-05-12,,2418,PM-MER-C-Rembrandt,mapsheet,ma,application/pdf,meta;meta.preview,PM-MER-C-Rembrandt_630mpp_false.pdf
41,PM-MER-GS-Rachmaninoff_5cc,https://data.planmap.eu/pub/mercury/PM-MER-GS-Rachmaninoff_5cc/raster/PM_MER_GS_H05_basemap.tif,Mercury,planet,49.802,69.146,20.485,40.737,Polygon 49.80169421251481 20.48527974357724 49.80169421251481 40.73702499187328 69.14624822513696 40.73702499187328 69.14624822513696 20.48527974357724 49.80169421251481 20.48527974357724,2021-01-06,,16983,PM-MER-GS-Rachmaninoff_5cc_raster_1,basemap,im,application/x-geotiff,pos.frame;obs.image,PM_MER_GS_H05_basemap.tif
42,PM-MER-GS-Rachmaninoff_5cc,https://data.planmap.eu/pub/mercury/PM-MER-GS-Rachmaninoff_5cc/vector/PM-MER-GS-Rachmaninoff_3cc.gpkg,Mercury,planet,49.845,69.144,21.101,40.734,Polygon 49.84462045533614 21.10138422846591 49.84462045533614 40.73390129525119 69.14370428226584 40.73390129525119 69.14370428226584 21.10138422846591 49.84462045533614 21.10138422846591,2021-02-20,,1916,PM-MER-GS-Rachmaninoff_5cc_vector_1,shapefile,sv,application/geopackage+sqlite3,pos.outline;obs.field,PM-MER-GS-Rachmaninoff_3cc.gpkg
43,PM-MER-GS-Rachmaninoff_5cc,https://data.planmap.eu/pub/mercury/PM-MER-GS-Rachmaninoff_5cc/document/PM_MER_GS_Rachmaninoff-5cc.pdf,Mercury,planet,49.81,69.1,22.5,40.73,Polygon 49.81 22.5 49.81 40.73 69.09999999999999 40.73 69.09999999999999 22.5 49.81 22.5,2021-01-15,,17862,PM-MER-GS-Rachmaninoff_5cc,mapsheet,ma,application/pdf,meta;meta.preview,PM_MER_GS_Rachmaninoff-5cc.pdf
44,PM-MER-MS-Beethoven,https://data.planmap.eu/pub/mercury/PM-MER-MS-Beethoven/document/BeethovenMapPlate.pdf,Mercury,planet,220.0,0.0,-35.0,0.0,Polygon 220 -35 220 0 0 0 0 -35 220 -35,2021-02-19,,63786,PM-MER-MS-Beethoven,mapsheet,ma,application/pdf,meta;meta.preview,BeethovenMapPlate.pdf
45,PM-MER-MS-H02_3cc,https://data.planmap.eu/pub/mercury/PM-MER-MS-H02_3cc/raster/PM-MER-MS-H02_3cc_basemap.tif,Mercury,planet,-89.996,0.008,22.5,65.002,Polygon -89.99586729805978 22.4996265431463 -89.99586729805978 65.00243951707132 0.008472389940292049 65.00243951707132 0.008472389940292049 22.4996265431463 -89.99586729805978 22.4996265431463,2020-05-06,10.1080/17445647.2016.1193777,158841,PM-MER-MS-H02_3cc_raster_1,basemap,im,application/x-geotiff,pos.frame;obs.image;src.morph,PM-MER-MS-H02_3cc_basemap.tif
46,PM-MER-MS-H02_3cc,https://data.planmap.eu/pub/mercury/PM-MER-MS-H02_3cc/vector/PM-MER-MS-H02_3cc.gpkg,Mercury,planet,-120.703,30.712,13.09,69.989,Polygon -120.7027414597847 13.09020162560983 -120.7027414597847 69.98922161163239 30.71170352428458 69.98922161163239 30.71170352428458 13.09020162560983 -120.7027414597847 13.09020162560983,2020-05-14,10.1080/17445647.2016.1193777,9662,PM-MER-MS-H02_3cc_vector_1,shapefile,sv,application/geopackage+sqlite3,pos.outline;obs.field,PM-MER-MS-H02_3cc.gpkg
47,PM-MER-MS-H05_3cc,https://data.planmap.eu/pub/mercury/PM-MER-MS-H05_3cc/raster/PM-MER-MS-H05_3cc_basemap.tif,Mercury,planet,-30.713,120.713,13.089,69.992,Polygon -30.71336726121695 13.08926439592721 -30.71336726121695 69.99197618868757 120.7133672612169 69.99197618868757 120.7133672612169 13.08926439592721 -30.71336726121695 13.08926439592721,2020-05-05,https://doi.org/10.1080/17445647.2019.1625821,1021959,PM-MER-MS-H05_3cc_raster_1,basemap,im,application/x-geotiff,pos.frame;obs.image;src.morph,PM-MER-MS-H05_3cc_basemap.tif
48,PM-MER-MS-H05_3cc,https://data.planmap.eu/pub/mercury/PM-MER-MS-H05_3cc/vector/PM-MER-MS-H05_3cc.gpkg,Mercury,planet,-13.649,102.226,19.331,60.413,Polygon -13.64925496861809 19.3314234370347 -13.64925496861809 60.41251925575023 102.2255917602526 60.41251925575023 102.2255917602526 19.3314234370347 -13.64925496861809 19.3314234370347,2020-05-14,https://doi.org/10.1080/17445647.2019.1625821,43216,PM-MER-MS-H05_3cc_vector_1,shapefile,sv,application/geopackage+sqlite3,pos.outline;obs.field,PM-MER-MS-H05_3cc.gpkg
49,PM-MER-MS-H05_3cc,https://data.planmap.eu/pub/mercury/PM-MER-MS-H05_3cc/document/PM-MER-MS-H05_3cc.pdf,Mercury,planet,0.0,90.0,22.5,65.0,Polygon 0 22.5 0 65 90 65 90 22.5 0 22.5,2020-05-14,https://doi.org/10.1080/17445647.2019.1625821,70060,PM-MER-MS-H05_3cc,mapsheet,ma,application/pdf,meta;meta.preview,PM-MER-MS-H05_3cc.pdf
50,PM-MER-MS-H05_5cc,https://data.planmap.eu/pub/mercury/PM-MER-MS-H05_5cc/raster/PM-MER-MS-H05_5cc_basemap.tif,Mercury,planet,-30.713,120.713,13.089,69.992,Polygon -30.71336726121695 13.08926439592721 -30.71336726121695 69.99197618868757 120.7133672612169 69.99197618868757 120.7133672612169 13.08926439592721 -30.71336726121695 13.08926439592721,2020-05-05,https://doi.org/10.1080/17445647.2019.1625821,1021959,PM-MER-MS-H05_5cc_raster_1,basemap,im,application/x-geotiff,pos.frame;obs.image;src.morph,PM-MER-MS-H05_5cc_basemap.tif
51,PM-MER-MS-H05_5cc,https://data.planmap.eu/pub/mercury/PM-MER-MS-H05_5cc/vector/PM-MER-MS-H05_5cc.gpkg,Mercury,planet,-30.707,120.707,13.092,69.989,Polygon -30.70714503299953 13.09214761374078 -30.70714503299953 69.98916647783092 120.7071450329995 69.98916647783092 120.7071450329995 13.09214761374078 -30.70714503299953 13.09214761374078,2020-05-14,https://doi.org/10.1080/17445647.2019.1625821,43204,PM-MER-MS-H05_5cc_vector_1,shapefile,sv,application/geopackage+sqlite3,pos.outline;obs.field,PM-MER-MS-H05_5cc.gpkg
52,PM-MER-MS-H05_5cc,https://data.planmap.eu/pub/mercury/PM-MER-MS-H05_5cc/document/PM-MER-MS-H05_5cc.pdf,Mercury,planet,0.0,90.0,22.5,65.0,Polygon 0 22.5 0 65 90 65 90 22.5 0 22.5,2020-05-14,https://doi.org/10.1080/17445647.2019.1625821,70059,PM-MER-MS-H05_5cc,mapsheet,ma,application/pdf,meta;meta.preview,PM-MER-MS-H05_5cc.pdf
53,PM-MER-MS-H10_3cc,https://data.planmap.eu/pub/mercury/PM-MER-MS-H10_3cc/raster/H10_166mpp_BDR.tif,Mercury,planet,-0.004,72.0,-22.0,22.0,Polygon -0.003906250396031223 -21.99999999975357 -0.003906250396031223 22.00000000014961 71.99999999944554 22.00000000014961 71.99999999944554 -21.99999999975357 -0.003906250396031223 -21.99999999975357,2021-02-17,,177365,PM-MER-MS-H10_3cc_raster_1,basemap,im,application/x-geotiff,pos.frame;obs.image;src.morph,H10_166mpp_BDR.tif
54,PM-MER-MS-H10_3cc,https://data.planmap.eu/pub/mercury/PM-MER-MS-H10_3cc/vector/PM-MER-MS-H10_3cc.gpkg,Mercury,planet,-0.0,72.002,-22.504,22.5,Polygon -1.131380550180839e-09 -22.50418013469733 -1.131380550180839e-09 22.50004619926722 72.00186450676881 22.50004619926722 72.00186450676881 -22.50418013469733 -1.131380550180839e-09 -22.50418013469733,2021-02-25,,15245,PM-MER-MS-H10_3cc_vector_1,shapefile,sv,application/geopackage+sqlite3,pos.outline;obs.field,PM-MER-MS-H10_3cc.gpkg
55,PM-MER-MS-H10_3cc,https://data.planmap.eu/pub/mercury/PM-MER-MS-H10_3cc/document/PM_MER_MS_H10_Mapsheet3CC.pdf,Mercury,planet,0.0,72.0,-22.5,22.5,Polygon 0 -22.5 0 22.5 72 22.5 72 -22.5 0 -22.5,2021-02-24,,41225,PM-MER-MS-H10_3cc,mapsheet,ma,application/pdf,meta;meta.preview,PM_MER_MS_H10_Mapsheet3CC.pdf
56,PM-MER-MS-H10_5cc,https://data.planmap.eu/pub/mercury/PM-MER-MS-H10_5cc/raster/H10_166mpp_BDR.tif,Mercury,planet,-0.004,72.0,-22.0,22.0,Polygon -0.003906250396031223 -21.99999999975357 -0.003906250396031223 22.00000000014961 71.99999999944554 22.00000000014961 71.99999999944554 -21.99999999975357 -0.003906250396031223 -21.99999999975357,2021-02-17,,177365,PM-MER-MS-H10_5cc_raster_1,basemap,im,application/x-geotiff,pos.frame;obs.image;src.morph,H10_166mpp_BDR.tif
57,PM-MER-MS-H10_5cc,https://data.planmap.eu/pub/mercury/PM-MER-MS-H10_5cc/vector/PM-MER-MS-H10_5cc.gpkg,Mercury,planet,-0.0,72.002,-22.504,22.5,Polygon -1.131380550180839e-09 -22.50418013469733 -1.131380550180839e-09 22.50004619926722 72.00186450676881 22.50004619926722 72.00186450676881 -22.50418013469733 -1.131380550180839e-09 -22.50418013469733,2021-02-25,,14327,PM-MER-MS-H10_5cc_vector_1,shapefile,sv,application/geopackage+sqlite3,pos.outline;obs.field,PM-MER-MS-H10_5cc.gpkg
58,PM-MER-MS-H10_5cc,https://data.planmap.eu/pub/mercury/PM-MER-MS-H10_5cc/document/PM_MER_MS_H10_Mapsheet5CC.pdf,Mercury,planet,0.0,72.0,-22.5,22.5,Polygon 0 -22.5 0 22.5 72 22.5 72 -22.5 0 -22.5,2021-02-24,,58492,PM-MER-MS-H10_5cc,mapsheet,ma,application/pdf,meta;meta.preview,PM_MER_MS_H10_Mapsheet5CC.pdf
59,PM-MER-MS-H14_3cc,https://data.planmap.eu/pub/mercury/PM-MER-MS-H14_3cc/raster/PM_MER_MS_H14_basemap.tif,Mercury,planet,-62.394,152.395,-80.257,6.978,Polygon -62.39382976607246 -80.25669145451333 -62.39382976607246 6.977869052864745 152.3947307687003 6.977869052864745 152.3947307687003 -80.25669145451333 -62.39382976607246 -80.25669145451333,2021-02-25,,142306,PM-MER-MS-H14_3cc_raster_2,basemap,im,application/x-geotiff,pos.frame;obs.image;src.morph,PM_MER_MS_H14_basemap.tif
60,PM-MER-MS-H14_3cc,https://data.planmap.eu/pub/mercury/PM-MER-MS-H14_3cc/vector/PM-MER-MS-H14_3cc.gpkg,Mercury,planet,-30.692,120.699,-69.981,-13.085,Polygon -30.69188288422917 -69.98051724369783 -30.69188288422917 -13.08498703281245 120.6988809384178 -13.08498703281245 120.6988809384178 -69.98051724369783 -30.69188288422917 -69.98051724369783,2021-02-25,,21630,PM-MER-MS-H14_3cc_vector_1,shapefile,sv,application/geopackage+sqlite3,pos.outline;obs.field,PM-MER-MS-H14_3cc.gpkg
61,PM-MER-MS-H14_3cc,https://data.planmap.eu/pub/mercury/PM-MER-MS-H14_3cc/document/MER_H14_3_Class_210225.pdf,Mercury,planet,0.0,90.0,-22.5,-65.0,Polygon 0 -22.5 0 -65 90 -65 90 -22.5 0 -22.5,2021-02-25,,16530,PM-MER-MS-H14_3cc,mapsheet,ma,application/pdf,meta;meta.preview,MER_H14_3_Class_210225.pdf
62,PM-MER-MS-H14_5cc,https://data.planmap.eu/pub/mercury/PM-MER-MS-H14_5cc/raster/PM_MER_MS_H14_basemap.tif,Mercury,planet,-62.394,152.395,-80.257,6.978,Polygon -62.39382976607246 -80.25669145451333 -62.39382976607246 6.977869052864745 152.3947307687003 6.977869052864745 152.3947307687003 -80.25669145451333 -62.39382976607246 -80.25669145451333,2021-02-25,,142306,PM-MER-MS-H14_5cc_raster_2,basemap,im,application/x-geotiff,pos.frame;obs.image;src.morph,PM_MER_MS_H14_basemap.tif
63,PM-MER-MS-H14_5cc,https://data.planmap.eu/pub/mercury/PM-MER-MS-H14_5cc/vector/PM-MER-MS-H14_5cc.gpkg,Mercury,planet,-30.692,120.699,-69.981,-13.085,Polygon -30.69188288422917 -69.98051724369783 -30.69188288422917 -13.08498703281245 120.6988809384178 -13.08498703281245 120.6988809384178 -69.98051724369783 -30.69188288422917 -69.98051724369783,2021-02-25,,21635,PM-MER-MS-H14_5cc_vector_1,shapefile,sv,application/geopackage+sqlite3,pos.outline;obs.field,PM-MER-MS-H14_5cc.gpkg
64,PM-MER-MS-H14_5cc,https://data.planmap.eu/pub/mercury/PM-MER-MS-H14_5cc/document/MER_H14_5_Class_210225.pdf,Mercury,planet,0.0,90.0,-22.5,-65.0,Polygon 0 -22.5 0 -65 90 -65 90 -22.5 0 -22.5,2021-02-25,,17368,PM-MER-MS-H14_5cc,mapsheet,ma,application/pdf,meta;meta.preview,MER_H14_5_Class_210225.pdf
65,PM-MER-MS-Lermontov,https://data.planmap.eu/pub/mercury/PM-MER-MS-Lermontov/raster/PM-MER_USGS_DEM_Global_665m_v2_Lermontov.tif,Mercury,planet,-56.5,-42.143,9.961,21.01,Polygon -56.50031204127541 9.960975880004842 -56.50031204127541 21.01023928624077 -42.14329297414987 21.01023928624077 -42.14329297414987 9.960975880004842 -56.50031204127541 9.960975880004842,2021-01-20,,2602,PM-MER-MS-Lermontov_raster_1,basemap,im,application/x-geotiff,pos.frame;obs.image;src.morph,PM-MER_USGS_DEM_Global_665m_v2_Lermontov.tif
66,PM-MER-MS-Lermontov,https://data.planmap.eu/pub/mercury/PM-MER-MS-Lermontov/raster/PM-MER-Mercury_MESSENGER_MDIS_Basemap_BDR_Mosaic_Global_166m_Lermontov.tif,Mercury,planet,-56.5,-42.143,9.961,21.01,Polygon -56.50031204127541 9.960975880004842 -56.50031204127541 21.01023928624078 -42.14329297414987 21.01023928624078 -42.14329297414987 9.960975880004842 -56.50031204127541 9.960975880004842,2021-01-20,,10408,PM-MER-MS-Lermontov_raster_2,basemap,im,application/x-geotiff,pos.frame;obs.image;src.morph,PM-MER-Mercury_MESSENGER_MDIS_Basemap_BDR_Mosaic_Global_166m_Lermontov.tif
67,PM-MER-MS-Lermontov,https://data.planmap.eu/pub/mercury/PM-MER-MS-Lermontov/raster/PM-MER-Mercury_MESSENGER_MDIS_Basemap_EnhancedColor_Mosaic_Global_665m_Lermontov.tif,Mercury,planet,-56.5,-42.143,9.961,21.01,Polygon -56.50031204127541 9.960975880004842 -56.50031204127541 21.01023928624077 -42.14329297414987 21.01023928624077 -42.14329297414987 9.960975880004842 -56.50031204127541 9.960975880004842,2021-01-20,,1952,PM-MER-MS-Lermontov_raster_3,basemap,im,application/x-geotiff,pos.frame;obs.image;src.morph,PM-MER-Mercury_MESSENGER_MDIS_Basemap_EnhancedColor_Mosaic_Global_665m_Lermontov.tif
68,PM-MER-MS-Lermontov,https://data.planmap.eu/pub/mercury/PM-MER-MS-Lermontov/vector/PM-MER-MS-Lermontov.gpkg,Mercury,planet,-54.189,-43.907,10.841,20.291,Polygon -54.18892630120058 10.84098437641953 -54.18892630120058 20.29058370628027 -43.90674282247726 20.29058370628027 -43.90674282247726 10.84098437641953 -54.18892630120058 10.84098437641953,2021-01-20,,22355,PM-MER-MS-Lermontov_vector_1,shapefile,sv,application/geopackage+sqlite3,pos.outline;obs.field,PM-MER-MS-Lermontov.gpkg
69,PM-MER-MS-Lermontov,https://data.planmap.eu/pub/mercury/PM-MER-MS-Lermontov/document/PM-MER-MS-Lermontov.pdf,Mercury,planet,305.0,317.0,10.0,22.0,Polygon 305 10 305 22 317 22 317 10 305 10,2021-01-20,,26808,PM-MER-MS-Lermontov,mapsheet,ma,application/pdf,meta;meta.preview,PM-MER-MS-Lermontov.pdf
70,PM-MER-MS-Rembrandt,https://data.planmap.eu/pub/mercury/PM-MER-MS-Rembrandt/raster/PM-MER-MS-Rembrandt_LCC_clip_mapping_PCA_bilinear_sharpening.tif,Mercury,planet,34.465,142.678,-55.458,-3.719,Polygon 34.46461079287606 -55.45753280982749 34.46461079287606 -3.71884872509896 142.6776929942621 -3.71884872509896 142.6776929942621 -55.45753280982749 34.46461079287606 -55.45753280982749,2020-05-06,,220656,PM-MER-MS-Rembrandt_raster_1,basemap,im,application/x-geotiff,pos.frame;obs.image;src.morph,PM-MER-MS-Rembrandt_LCC_clip_mapping_PCA_bilinear_sharpening.tif
71,PM-MER-MS-Rembrandt,https://data.planmap.eu/pub/mercury/PM-MER-MS-Rembrandt/raster/PM-MER-MS-Rembrandt_LCC_clip_mapping_BDR_v1.tif,Mercury,planet,34.459,142.683,-55.465,-3.719,Polygon 34.45925109019243 -55.46474633319944 34.45925109019243 -3.718848724933584 142.6832484713493 -3.718848724933584 142.6832484713493 -55.46474633319944 34.45925109019243 -55.46474633319944,2020-05-06,,83251,PM-MER-MS-Rembrandt_raster_2,basemap,im,application/x-geotiff,pos.frame;obs.image;src.morph,PM-MER-MS-Rembrandt_LCC_clip_mapping_BDR_v1.tif
72,PM-MER-MS-Rembrandt,https://data.planmap.eu/pub/mercury/PM-MER-MS-Rembrandt/raster/PM-MER-MS-Rembrandt_LCC_clip_mapping_PCA.tif,Mercury,planet,32.597,144.632,-56.886,-1.899,Polygon 32.59737442357147 -56.88615092874385 32.59737442357147 -1.899336441622668 144.6321958484826 -1.899336441622668 144.6321958484826 -56.88615092874385 32.59737442357147 -56.88615092874385,2020-05-06,,21330,PM-MER-MS-Rembrandt_raster_3,basemap,im,application/x-geotiff,pos.frame;obs.image;src.morph,PM-MER-MS-Rembrandt_LCC_clip_mapping_PCA.tif
73,PM-MER-MS-Rembrandt,https://data.planmap.eu/pub/mercury/PM-MER-MS-Rembrandt/raster/PM-MER-MS-Rembrandt_LCC_clip_mapping_0.5_Global_DEM.tif,Mercury,planet,34.451,142.706,-55.475,-3.715,Polygon 34.45120964980646 -55.47545849553136 34.45120964980646 -3.715499263129845 142.705786765576 -3.715499263129845 142.705786765576 -55.47545849553136 34.45120964980646 -55.47545849553136,2020-05-06,,14982,PM-MER-MS-Rembrandt_raster_4,basemap,im,application/x-geotiff,pos.frame;obs.image;src.morph,PM-MER-MS-Rembrandt_LCC_clip_mapping_0.5_Global_DEM.tif
74,PM-MER-MS-Rembrandt,https://data.planmap.eu/pub/mercury/PM-MER-MS-Rembrandt/raster/PM-MER-MS-Rembrandt_LCC_clip_mapping_MD3.tif,Mercury,planet,32.597,144.632,-56.886,-1.899,Polygon 32.59737442357147 -56.88615092874385 32.59737442357147 -1.899336441622668 144.6321958484826 -1.899336441622668 144.6321958484826 -56.88615092874385 32.59737442357147 -56.88615092874385,2020-05-06,,16977,PM-MER-MS-Rembrandt_raster_5,basemap,im,application/x-geotiff,pos.frame;obs.image;src.morph,PM-MER-MS-Rembrandt_LCC_clip_mapping_MD3.tif
75,PM-MER-MS-Rembrandt,https://data.planmap.eu/pub/mercury/PM-MER-MS-Rembrandt/raster/PM-MER-MS-Rembrandt_LCC_clip_mapping_MD3_blinear_HSV_sharpening.tif,Mercury,planet,34.465,142.678,-55.458,-3.719,Polygon 34.46461079287606 -55.45753280982749 34.46461079287606 -3.71884872509896 142.6776929942621 -3.71884872509896 142.6776929942621 -55.45753280982749 34.46461079287606 -55.45753280982749,2020-05-06,,326067,PM-MER-MS-Rembrandt_raster_6,basemap,im,application/x-geotiff,pos.frame;obs.image;src.morph,PM-MER-MS-Rembrandt_LCC_clip_mapping_MD3_blinear_HSV_sharpening.tif
76,PM-MER-MS-Rembrandt,https://data.planmap.eu/pub/mercury/PM-MER-MS-Rembrandt/vector/PM-MER-MS-Rembrandt.gpkg,Mercury,planet,65.477,86.27,-40.405,-23.906,Polygon 65.4771965308562 -40.4052126682281 65.4771965308562 -23.90599913498024 86.26990629930287 -23.90599913498024 86.26990629930287 -40.4052126682281 65.4771965308562 -40.4052126682281,2020-05-14,,89141,PM-MER-MS-Rembrandt_vector_1,shapefile,sv,application/geopackage+sqlite3,pos.outline;obs.field,PM-MER-MS-Rembrandt.gpkg
77,PM-MER-MS-Rembrandt,https://data.planmap.eu/pub/mercury/PM-MER-MS-Rembrandt/document/PM-MER-MS-Rembrandt.pdf,Mercury,planet,65.75,110.0,-51.7,-10.0,Polygon 65.75 -51.7 65.75 -10 110 -10 110 -51.7 65.75 -51.7,2020-05-06,,33960,PM-MER-MS-Rembrandt,mapsheet,ma,application/pdf,meta;meta.preview,PM-MER-MS-Rembrandt.pdf
78,PM-MER-SI-Rembrandt,https://data.planmap.eu/pub/mercury/PM-MER-SI-Rembrandt/document/PM-MER-SI-Rembrandt_01.pdf,Mercury,planet,65.75,110.0,-51.7,-10.0,Polygon 65.75 -51.7 65.75 -10 110 -10 110 -51.7 65.75 -51.7,2021-02-25,,30831,PM-MER-SI-Rembrandt,mapsheet,ma,application/pdf,meta;meta.preview,PM-MER-SI-Rembrandt_01.pdf
79,PM-MOO-C-SPAA1_SU,https://data.planmap.eu/pub/moon/PM-MOO-C-SPAA1_SU/raster/PM-MOO-C-SPAA1_SU_C2.tif,Moon,satellite,168.995,-170.057,-50.008,-33.013,Polygon 168.9946585977193 -50.00761718461347 168.9946585977193 -33.01303678685071 -170.056675318552 -33.01303678685071 -170.056675318552 -50.00761718461347 168.9946585977193 -50.00761718461347,2021-02-20,,895,PM-MOO-C-SPAA1_SU_raster_1,basemap,im,application/x-geotiff,pos.frame;obs.image;spect.index,PM-MOO-C-SPAA1_SU_C2.tif
80,PM-MOO-C-SPAA1_SU,https://data.planmap.eu/pub/moon/PM-MOO-C-SPAA1_SU/raster/PM-MOO-C-SPAA1_SU_C1.tif,Moon,satellite,168.988,-170.031,-50.016,-32.995,Polygon 168.9881253640522 -50.01576158933609 168.9881253640522 -32.99471554402275 -170.0305852099388 -32.99471554402275 -170.0305852099388 -50.01576158933609 168.9881253640522 -50.01576158933609,2021-02-20,,895,PM-MOO-C-SPAA1_SU_raster_2,basemap,im,application/x-geotiff,pos.frame;obs.image;spect.index,PM-MOO-C-SPAA1_SU_C1.tif
81,PM-MOO-C-SPAA1_SU,https://data.planmap.eu/pub/moon/PM-MOO-C-SPAA1_SU/document/PM-MOO-C-SPAA1_SU_C2.pdf,Moon,satellite,160.0,190.0,-50.0,-30.0,Polygon 160 -50 160 -30 190 -30 190 -50 160 -50,2021-02-20,,5483,PM-MOO-C-SPAA1_SU,mapsheet,ma,application/pdf,meta;meta.preview,PM-MOO-C-SPAA1_SU_C2.pdf
82,PM-MOO-C-SPAApollo_SU,https://data.planmap.eu/pub/moon/PM-MOO-C-SPAApollo_SU/raster/PM-MOO-C-SPAApollo_SU_C2.tif,Moon,satellite,139.478,164.918,-46.548,-23.583,Polygon 139.4775555886468 -46.54767358914258 139.4775555886468 -23.5828680469088 164.9179711937156 -23.5828680469088 164.9179711937156 -46.54767358914258 139.4775555886468 -46.54767358914258,2021-02-20,,1452,PM-MOO-C-SPAApollo_SU_raster_1,basemap,im,application/x-geotiff,pos.frame;obs.image;spect.index,PM-MOO-C-SPAApollo_SU_C2.tif
83,PM-MOO-C-SPAApollo_SU,https://data.planmap.eu/pub/moon/PM-MOO-C-SPAApollo_SU/raster/PM-MOO-C-SPAApollo_SU_C1.tif,Moon,satellite,139.546,164.941,-46.607,-23.53,Polygon 139.5459761346852 -46.60708597945655 139.5459761346852 -23.5300169494484 164.9408293904147 -23.5300169494484 164.9408293904147 -46.60708597945655 139.5459761346852 -46.60708597945655,2021-02-20,,1446,PM-MOO-C-SPAApollo_SU_raster_2,basemap,im,application/x-geotiff,pos.frame;obs.image;spect.index,PM-MOO-C-SPAApollo_SU_C1.tif
84,PM-MOO-C-SPAApollo_SU,https://data.planmap.eu/pub/moon/PM-MOO-C-SPAApollo_SU/document/PM-MOO-C-SPAApollo_SU_C2.pdf,Moon,satellite,195.0,220.5,-46.6,-23.5,Polygon 195 -46.6 195 -23.5 220.5 -23.5 220.5 -46.6 195 -46.6,2020-09-26,,13352,PM-MOO-C-SPAApollo_SU,mapsheet,ma,application/pdf,meta;meta.preview,PM-MOO-C-SPAApollo_SU_C2.pdf
85,PM-MOO-GS-SPAApollo_Detail,https://data.planmap.eu/pub/moon/PM-MOO-GS-SPAApollo_Detail/document/ApolloBasinSpectralDetail.pdf,Moon,satellite,199.0,214.0,-39.0,-31.0,Polygon 199 -39 199 -31 214 -31 214 -39 199 -39,2021-02-25,,1702,PM-MOO-GS-SPAApollo_Detail,mapsheet,ma,application/pdf,meta;meta.preview,ApolloBasinSpectralDetail.pdf
86,PM-MOO-MS-Apollo11,https://data.planmap.eu/pub/moon/PM-MOO-MS-Apollo11/document/PM-MOO-MS-Apollo11.pdf,Moon,satellite,14.0,33.0,-8.0,10.0,Polygon 14 -8 14 10 33 10 33 -8 14 -8,2021-02-19,,51575,PM-MOO-MS-Apollo11,mapsheet,ma,application/pdf,meta;meta.preview,PM-MOO-MS-Apollo11.pdf
87,PM-MOO-MS-Apollo12,https://data.planmap.eu/pub/moon/PM-MOO-MS-Apollo12/document/PM-MOO-MS-Apollo12.pdf,Moon,satellite,332.0,342.0,-8.0,2.0,Polygon 332 -8 332 2 342 2 342 -8 332 -8,2021-02-19,,77607,PM-MOO-MS-Apollo12,mapsheet,ma,application/pdf,meta;meta.preview,PM-MOO-MS-Apollo12.pdf
88,PM-MOO-MS-SPAApollo,https://data.planmap.eu/pub/moon/PM-MOO-MS-SPAApollo/raster/PM-MOO-MS-SPAApollo_LRO_LOLA_shaded.tif,Moon,satellite,-179.454,179.729,-61.711,-6.637,Polygon -179.4542044409305 -61.71099704991408 -179.4542044409305 -6.636782145992844 179.7293704858284 -6.636782145992844 179.7293704858284 -61.71099704991408 -179.4542044409305 -61.71099704991408,2019-05-13,https://doi.org/10.1029/2018je005590,208715,PM-MOO-MS-SPAApollo_raster_1,basemap,im,application/x-geotiff,pos.frame;obs.image;src.morph,PM-MOO-MS-SPAApollo_LRO_LOLA_shaded.tif
89,PM-MOO-MS-SPAApollo,https://data.planmap.eu/pub/moon/PM-MOO-MS-SPAApollo/raster/PM-MOO-MS-SPAApollo_LRO_LOLA.tif,Moon,satellite,-179.454,179.729,-61.711,-6.637,Polygon -179.4542044409305 -61.71099704991408 -179.4542044409305 -6.636782145992844 179.7293704858284 -6.636782145992844 179.7293704858284 -61.71099704991408 -179.4542044409305 -61.71099704991408,2019-05-13,https://doi.org/10.1029/2018je005590,417302,PM-MOO-MS-SPAApollo_raster_2,basemap,im,application/x-geotiff,pos.frame;obs.image;src.morph,PM-MOO-MS-SPAApollo_LRO_LOLA.tif
90,PM-MOO-MS-SPAApollo,https://data.planmap.eu/pub/moon/PM-MOO-MS-SPAApollo/vector/PM-MOO-MS-SPAApollo.gpkg,Moon,satellite,-164.083,-140.367,-44.07,-25.836,Polygon -164.0825091451837 -44.07036239454467 -164.0825091451837 -25.83611438629649 -140.3667870784723 -25.83611438629649 -140.3667870784723 -44.07036239454467 -164.0825091451837 -44.07036239454467,2020-10-07,https://doi.org/10.1029/2018je005590,3977,PM-MOO-MS-SPAApollo_vector_1,shapefile,sv,application/geopackage+sqlite3,pos.outline;obs.field,PM-MOO-MS-SPAApollo.gpkg
91,PM-MOO-MS-SPAApollo,https://data.planmap.eu/pub/moon/PM-MOO-MS-SPAApollo/document/PM-MOO-MS-SPAApollo.pdf,Moon,satellite,185.0,235.0,-60.0,-10.0,Polygon 185 -60 185 -10 235 -10 235 -60 185 -60,2020-10-07,https://doi.org/10.1029/2018je005590,17523,PM-MOO-MS-SPAApollo,mapsheet,ma,application/pdf,meta;meta.preview,PM-MOO-MS-SPAApollo.pdf
